web-scraper-order,web-scraper-start-url,MSA,2016,2020
"1725942291-1","https://election.lab.ufl.edu/voter-turnout-ratesamong-metropolitan-statistical-areas/","Abilene, TX","45.5%","53.7%"
"1725942291-2","https://election.lab.ufl.edu/voter-turnout-ratesamong-metropolitan-statistical-areas/","Akron, OH","61.4%","66.6%"
"1725942291-3","https://election.lab.ufl.edu/voter-turnout-ratesamong-metropolitan-statistical-areas/","Albany, GA","54.4%","58.9%"
"1725942291-4","https://election.lab.ufl.edu/voter-turnout-ratesamong-metropolitan-statistical-areas/","Albany-Lebanon, OR","61.5%","75.6%"
"1725942291-5","https://election.lab.ufl.edu/voter-turnout-ratesamong-metropolitan-statistical-areas/","Albany-Schenectady-Troy, NY","59.1%","65.7%"
"1725942291-6","https://election.lab.ufl.edu/voter-turnout-ratesamong-metropolitan-statistical-areas/","Albuquerque, NM","56.1%","64.4%"
"1725942291-7","https://election.lab.ufl.edu/voter-turnout-ratesamong-metropolitan-statistical-areas/","Alexandria, LA","57.7%","60.2%"
"1725942291-8","https://election.lab.ufl.edu/voter-turnout-ratesamong-metropolitan-statistical-areas/","Allentown-Bethlehem-Easton, PA-NJ","60.9%","69.9%"
"1725942291-9","https://election.lab.ufl.edu/voter-turnout-ratesamong-metropolitan-statistical-areas/","Altoona, PA","56.0%","65.5%"
"1725942291-10","https://election.lab.ufl.edu/voter-turnout-ratesamong-metropolitan-statistical-areas/","Amarillo, TX","48.7%","55.9%"
"1725942291-11","https://election.lab.ufl.edu/voter-turnout-ratesamong-metropolitan-statistical-areas/","Ames, IA","68.0%","68.4%"
"1725942291-12","https://election.lab.ufl.edu/voter-turnout-ratesamong-metropolitan-statistical-areas/","Anchorage, AK","59.5%","68.5%"
"1725942291-13","https://election.lab.ufl.edu/voter-turnout-ratesamong-metropolitan-statistical-areas/","Ann Arbor, MI","68.9%","76.9%"
"1725942291-14","https://election.lab.ufl.edu/voter-turnout-ratesamong-metropolitan-statistical-areas/","Anniston-Oxford, AL","53.7%","56.8%"
"1725942291-15","https://election.lab.ufl.edu/voter-turnout-ratesamong-metropolitan-statistical-areas/","Appleton, WI","68.4%","76.5%"
"1725942291-16","https://election.lab.ufl.edu/voter-turnout-ratesamong-metropolitan-statistical-areas/","Asheville, NC","66.6%","76.3%"
"1725942291-17","https://election.lab.ufl.edu/voter-turnout-ratesamong-metropolitan-statistical-areas/","Athens-Clarke County, GA","53.8%","61.4%"
"1725942291-18","https://election.lab.ufl.edu/voter-turnout-ratesamong-metropolitan-statistical-areas/","Atlanta-Sandy Springs-Alpharetta, GA","60.7%","70.9%"
"1725942291-19","https://election.lab.ufl.edu/voter-turnout-ratesamong-metropolitan-statistical-areas/","Atlantic City-Hammonton, NJ","60.7%","70.6%"
"1725942291-20","https://election.lab.ufl.edu/voter-turnout-ratesamong-metropolitan-statistical-areas/","Auburn-Opelika, AL","48.6%","54.6%"
"1725942291-21","https://election.lab.ufl.edu/voter-turnout-ratesamong-metropolitan-statistical-areas/","Augusta-Richmond County, GA-SC","56.3%","64.1%"
"1725942291-22","https://election.lab.ufl.edu/voter-turnout-ratesamong-metropolitan-statistical-areas/","Austin-Round Rock-Georgetown, TX","55.9%","69.0%"
"1725942291-23","https://election.lab.ufl.edu/voter-turnout-ratesamong-metropolitan-statistical-areas/","Bakersfield, CA","46.9%","56.6%"
"1725942291-24","https://election.lab.ufl.edu/voter-turnout-ratesamong-metropolitan-statistical-areas/","Baltimore-Columbia-Towson, MD","62.8%","67.3%"
"1725942291-25","https://election.lab.ufl.edu/voter-turnout-ratesamong-metropolitan-statistical-areas/","Bangor, ME","66.2%","70.0%"
"1725942291-26","https://election.lab.ufl.edu/voter-turnout-ratesamong-metropolitan-statistical-areas/","Barnstable Town, MA","77.0%","80.9%"
"1725942291-27","https://election.lab.ufl.edu/voter-turnout-ratesamong-metropolitan-statistical-areas/","Baton Rouge, LA","60.4%","64.3%"
"1725942291-28","https://election.lab.ufl.edu/voter-turnout-ratesamong-metropolitan-statistical-areas/","Battle Creek, MI","58.6%","65.8%"
"1725942291-29","https://election.lab.ufl.edu/voter-turnout-ratesamong-metropolitan-statistical-areas/","Bay City, MI","64.0%","73.0%"
"1725942291-30","https://election.lab.ufl.edu/voter-turnout-ratesamong-metropolitan-statistical-areas/","Beaumont-Port Arthur, TX","50.9%","56.6%"
"1725942291-31","https://election.lab.ufl.edu/voter-turnout-ratesamong-metropolitan-statistical-areas/","Beckley, WV","47.5%","54.7%"
"1725942291-32","https://election.lab.ufl.edu/voter-turnout-ratesamong-metropolitan-statistical-areas/","Bellingham, WA","67.0%","80.6%"
"1725942291-33","https://election.lab.ufl.edu/voter-turnout-ratesamong-metropolitan-statistical-areas/","Bend, OR","68.6%","82.3%"
"1725942291-34","https://election.lab.ufl.edu/voter-turnout-ratesamong-metropolitan-statistical-areas/","Billings, MT","58.7%","69.4%"
"1725942291-35","https://election.lab.ufl.edu/voter-turnout-ratesamong-metropolitan-statistical-areas/","Binghamton, NY","56.4%","61.2%"
"1725942291-36","https://election.lab.ufl.edu/voter-turnout-ratesamong-metropolitan-statistical-areas/","Birmingham-Hoover, AL","60.8%","64.9%"
"1725942291-37","https://election.lab.ufl.edu/voter-turnout-ratesamong-metropolitan-statistical-areas/","Bismarck, ND","66.1%","68.1%"
"1725942291-38","https://election.lab.ufl.edu/voter-turnout-ratesamong-metropolitan-statistical-areas/","Blacksburg-Christiansburg, VA","53.7%","57.8%"
"1725942291-39","https://election.lab.ufl.edu/voter-turnout-ratesamong-metropolitan-statistical-areas/","Bloomington, IL","61.8%","67.8%"
"1725942291-40","https://election.lab.ufl.edu/voter-turnout-ratesamong-metropolitan-statistical-areas/","Bloomington, IN","50.7%","57.3%"
"1725942291-41","https://election.lab.ufl.edu/voter-turnout-ratesamong-metropolitan-statistical-areas/","Bloomsburg-Berwick, PA","54.1%","61.0%"
"1725942291-42","https://election.lab.ufl.edu/voter-turnout-ratesamong-metropolitan-statistical-areas/","Boise City, ID","57.8%","68.2%"
"1725942291-43","https://election.lab.ufl.edu/voter-turnout-ratesamong-metropolitan-statistical-areas/","Boston-Cambridge-Newton, MA-NH","68.1%","73.3%"
"1725942291-44","https://election.lab.ufl.edu/voter-turnout-ratesamong-metropolitan-statistical-areas/","Boulder, CO","78.5%","82.3%"
"1725942291-45","https://election.lab.ufl.edu/voter-turnout-ratesamong-metropolitan-statistical-areas/","Bowling Green, KY","53.2%","58.9%"
"1725942291-46","https://election.lab.ufl.edu/voter-turnout-ratesamong-metropolitan-statistical-areas/","Bremerton-Silverdale-Port Orchard, WA","61.4%","74.7%"
"1725942291-47","https://election.lab.ufl.edu/voter-turnout-ratesamong-metropolitan-statistical-areas/","Bridgeport-Stamford-Norwalk, CT","66.9%","73.2%"
"1725942291-48","https://election.lab.ufl.edu/voter-turnout-ratesamong-metropolitan-statistical-areas/","Brownsville-Harlingen, TX","40.4%","48.3%"
"1725942291-49","https://election.lab.ufl.edu/voter-turnout-ratesamong-metropolitan-statistical-areas/","Brunswick, GA","52.6%","64.8%"
"1725942291-50","https://election.lab.ufl.edu/voter-turnout-ratesamong-metropolitan-statistical-areas/","Buffalo-Cheektowaga, NY","59.0%","64.3%"
"1725942291-51","https://election.lab.ufl.edu/voter-turnout-ratesamong-metropolitan-statistical-areas/","Burlington, NC","60.8%","70.1%"
"1725942291-52","https://election.lab.ufl.edu/voter-turnout-ratesamong-metropolitan-statistical-areas/","Burlington-South Burlington, VT","63.3%","73.1%"
"1725942291-53","https://election.lab.ufl.edu/voter-turnout-ratesamong-metropolitan-statistical-areas/","California-Lexington Park, MD","59.8%","66.6%"
"1725942291-54","https://election.lab.ufl.edu/voter-turnout-ratesamong-metropolitan-statistical-areas/","Canton-Massillon, OH","60.4%","65.5%"
"1725942291-55","https://election.lab.ufl.edu/voter-turnout-ratesamong-metropolitan-statistical-areas/","Cape Coral-Fort Myers, FL","61.6%","69.9%"
"1725942291-56","https://election.lab.ufl.edu/voter-turnout-ratesamong-metropolitan-statistical-areas/","Cape Girardeau, MO-IL","61.0%","65.2%"
"1725942291-57","https://election.lab.ufl.edu/voter-turnout-ratesamong-metropolitan-statistical-areas/","Carbondale-Marion, IL","57.1%","60.2%"
"1725942291-58","https://election.lab.ufl.edu/voter-turnout-ratesamong-metropolitan-statistical-areas/","Carson City, NV","63.0%","70.3%"
"1725942291-59","https://election.lab.ufl.edu/voter-turnout-ratesamong-metropolitan-statistical-areas/","Casper, WY","54.2%","58.8%"
"1725942291-60","https://election.lab.ufl.edu/voter-turnout-ratesamong-metropolitan-statistical-areas/","Cedar Rapids, IA","69.5%","74.3%"
"1725942291-61","https://election.lab.ufl.edu/voter-turnout-ratesamong-metropolitan-statistical-areas/","Chambersburg-Waynesboro, PA","60.0%","68.6%"
"1725942291-62","https://election.lab.ufl.edu/voter-turnout-ratesamong-metropolitan-statistical-areas/","Champaign-Urbana, IL","59.4%","63.9%"
"1725942291-63","https://election.lab.ufl.edu/voter-turnout-ratesamong-metropolitan-statistical-areas/","Charleston, WV","50.7%","56.4%"
"1725942291-64","https://election.lab.ufl.edu/voter-turnout-ratesamong-metropolitan-statistical-areas/","Charleston-North Charleston, SC","55.7%","67.3%"
"1725942291-65","https://election.lab.ufl.edu/voter-turnout-ratesamong-metropolitan-statistical-areas/","Charlotte-Concord-Gastonia, NC-SC","63.7%","74.0%"
"1725942291-66","https://election.lab.ufl.edu/voter-turnout-ratesamong-metropolitan-statistical-areas/","Charlottesville, VA","67.9%","74.1%"
"1725942291-67","https://election.lab.ufl.edu/voter-turnout-ratesamong-metropolitan-statistical-areas/","Chattanooga, TN-GA","50.7%","60.8%"
"1725942291-68","https://election.lab.ufl.edu/voter-turnout-ratesamong-metropolitan-statistical-areas/","Cheyenne, WY","54.5%","59.4%"
"1725942291-69","https://election.lab.ufl.edu/voter-turnout-ratesamong-metropolitan-statistical-areas/","Chicago-Naperville-Elgin, IL-IN-WI","61.3%","66.5%"
"1725942291-70","https://election.lab.ufl.edu/voter-turnout-ratesamong-metropolitan-statistical-areas/","Chico, CA","54.3%","61.7%"
"1725942291-71","https://election.lab.ufl.edu/voter-turnout-ratesamong-metropolitan-statistical-areas/","Cincinnati, OH-KY-IN","64.8%","69.4%"
"1725942291-72","https://election.lab.ufl.edu/voter-turnout-ratesamong-metropolitan-statistical-areas/","Clarksville, TN-KY","42.9%","50.7%"
"1725942291-73","https://election.lab.ufl.edu/voter-turnout-ratesamong-metropolitan-statistical-areas/","Cleveland, TN","49.4%","57.0%"
"1725942291-74","https://election.lab.ufl.edu/voter-turnout-ratesamong-metropolitan-statistical-areas/","Cleveland-Elyria, OH","63.4%","67.2%"
"1725942291-75","https://election.lab.ufl.edu/voter-turnout-ratesamong-metropolitan-statistical-areas/","Coeur d'Alene, ID","56.8%","69.8%"
"1725942291-76","https://election.lab.ufl.edu/voter-turnout-ratesamong-metropolitan-statistical-areas/","College Station-Bryan, TX","44.6%","53.4%"
"1725942291-77","https://election.lab.ufl.edu/voter-turnout-ratesamong-metropolitan-statistical-areas/","Colorado Springs, CO","64.4%","71.9%"
"1725942291-78","https://election.lab.ufl.edu/voter-turnout-ratesamong-metropolitan-statistical-areas/","Columbia, MO","61.9%","65.7%"
"1725942291-79","https://election.lab.ufl.edu/voter-turnout-ratesamong-metropolitan-statistical-areas/","Columbia, SC","56.6%","64.6%"
"1725942291-80","https://election.lab.ufl.edu/voter-turnout-ratesamong-metropolitan-statistical-areas/","Columbus, GA-AL","48.4%","54.9%"
"1725942291-81","https://election.lab.ufl.edu/voter-turnout-ratesamong-metropolitan-statistical-areas/","Columbus, IN","57.8%","65.1%"
"1725942291-82","https://election.lab.ufl.edu/voter-turnout-ratesamong-metropolitan-statistical-areas/","Columbus, OH","63.8%","69.1%"
"1725942291-83","https://election.lab.ufl.edu/voter-turnout-ratesamong-metropolitan-statistical-areas/","Corpus Christi, TX","42.0%","51.6%"
"1725942291-84","https://election.lab.ufl.edu/voter-turnout-ratesamong-metropolitan-statistical-areas/","Corvallis, OR","68.1%","71.1%"
"1725942291-85","https://election.lab.ufl.edu/voter-turnout-ratesamong-metropolitan-statistical-areas/","Crestview-Fort Walton Beach-Destin, FL","66.8%","75.4%"
"1725942291-86","https://election.lab.ufl.edu/voter-turnout-ratesamong-metropolitan-statistical-areas/","Cumberland, MD-WV","52.3%","55.7%"
"1725942291-87","https://election.lab.ufl.edu/voter-turnout-ratesamong-metropolitan-statistical-areas/","Dallas-Fort Worth-Arlington, TX","52.8%","64.0%"
"1725942291-88","https://election.lab.ufl.edu/voter-turnout-ratesamong-metropolitan-statistical-areas/","Dalton, GA","47.5%","56.6%"
"1725942291-89","https://election.lab.ufl.edu/voter-turnout-ratesamong-metropolitan-statistical-areas/","Danville, IL","51.9%","55.9%"
"1725942291-90","https://election.lab.ufl.edu/voter-turnout-ratesamong-metropolitan-statistical-areas/","Daphne-Fairhope-Foley, AL","59.2%","62.6%"
"1725942291-91","https://election.lab.ufl.edu/voter-turnout-ratesamong-metropolitan-statistical-areas/","Davenport-Moline-Rock Island, IA-IL","63.6%","67.7%"
"1725942291-92","https://election.lab.ufl.edu/voter-turnout-ratesamong-metropolitan-statistical-areas/","Dayton-Kettering, OH","64.3%","67.4%"
"1725942291-93","https://election.lab.ufl.edu/voter-turnout-ratesamong-metropolitan-statistical-areas/","Decatur, AL","56.9%","59.9%"
"1725942291-94","https://election.lab.ufl.edu/voter-turnout-ratesamong-metropolitan-statistical-areas/","Decatur, IL","58.1%","62.0%"
"1725942291-95","https://election.lab.ufl.edu/voter-turnout-ratesamong-metropolitan-statistical-areas/","Deltona-Daytona Beach-Ormond Beach, FL","63.3%","71.9%"
"1725942291-96","https://election.lab.ufl.edu/voter-turnout-ratesamong-metropolitan-statistical-areas/","Denver-Aurora-Lakewood, CO","70.9%","79.5%"
"1725942291-97","https://election.lab.ufl.edu/voter-turnout-ratesamong-metropolitan-statistical-areas/","Des Moines-West Des Moines, IA","68.6%","76.3%"
"1725942291-98","https://election.lab.ufl.edu/voter-turnout-ratesamong-metropolitan-statistical-areas/","Detroit-Warren-Dearborn, MI","65.7%","74.1%"
"1725942291-99","https://election.lab.ufl.edu/voter-turnout-ratesamong-metropolitan-statistical-areas/","Dothan, AL","55.1%","59.2%"
"1725942291-100","https://election.lab.ufl.edu/voter-turnout-ratesamong-metropolitan-statistical-areas/","Dover, DE","57.3%","64.7%"
"1725942291-101","https://election.lab.ufl.edu/voter-turnout-ratesamong-metropolitan-statistical-areas/","Dubuque, IA","67.2%","72.1%"
"1725942291-102","https://election.lab.ufl.edu/voter-turnout-ratesamong-metropolitan-statistical-areas/","Duluth, MN-WI","68.7%","73.9%"
"1725942291-103","https://election.lab.ufl.edu/voter-turnout-ratesamong-metropolitan-statistical-areas/","Durham-Chapel Hill, NC","71.9%","77.7%"
"1725942291-104","https://election.lab.ufl.edu/voter-turnout-ratesamong-metropolitan-statistical-areas/","East Stroudsburg, PA","54.2%","63.3%"
"1725942291-105","https://election.lab.ufl.edu/voter-turnout-ratesamong-metropolitan-statistical-areas/","Eau Claire, WI","66.3%","70.6%"
"1725942291-106","https://election.lab.ufl.edu/voter-turnout-ratesamong-metropolitan-statistical-areas/","El Centro, CA","46.5%","54.9%"
"1725942291-107","https://election.lab.ufl.edu/voter-turnout-ratesamong-metropolitan-statistical-areas/","El Paso, TX","42.9%","50.1%"
"1725942291-108","https://election.lab.ufl.edu/voter-turnout-ratesamong-metropolitan-statistical-areas/","Elizabethtown-Fort Knox, KY","55.1%","61.1%"
"1725942291-109","https://election.lab.ufl.edu/voter-turnout-ratesamong-metropolitan-statistical-areas/","Elkhart-Goshen, IN","47.8%","53.0%"
"1725942291-110","https://election.lab.ufl.edu/voter-turnout-ratesamong-metropolitan-statistical-areas/","Elmira, NY","54.1%","60.4%"
"1725942291-111","https://election.lab.ufl.edu/voter-turnout-ratesamong-metropolitan-statistical-areas/","Enid, OK","49.7%","51.1%"
"1725942291-112","https://election.lab.ufl.edu/voter-turnout-ratesamong-metropolitan-statistical-areas/","Erie, PA","58.8%","65.5%"
"1725942291-113","https://election.lab.ufl.edu/voter-turnout-ratesamong-metropolitan-statistical-areas/","Eugene-Springfield, OR","64.2%","73.4%"
"1725942291-114","https://election.lab.ufl.edu/voter-turnout-ratesamong-metropolitan-statistical-areas/","Evansville, IN-KY","55.8%","60.9%"
"1725942291-115","https://election.lab.ufl.edu/voter-turnout-ratesamong-metropolitan-statistical-areas/","Fairbanks, AK","54.0%","63.0%"
"1725942291-116","https://election.lab.ufl.edu/voter-turnout-ratesamong-metropolitan-statistical-areas/","Fargo, ND-MN","61.8%","65.1%"
"1725942291-117","https://election.lab.ufl.edu/voter-turnout-ratesamong-metropolitan-statistical-areas/","Farmington, NM","51.2%","59.2%"
"1725942291-118","https://election.lab.ufl.edu/voter-turnout-ratesamong-metropolitan-statistical-areas/","Fayetteville, NC","51.5%","61.0%"
"1725942291-119","https://election.lab.ufl.edu/voter-turnout-ratesamong-metropolitan-statistical-areas/","Fayetteville-Springdale-Rogers, AR","54.9%","60.8%"
"1725942291-120","https://election.lab.ufl.edu/voter-turnout-ratesamong-metropolitan-statistical-areas/","Flagstaff, AZ","54.3%","65.6%"
"1725942291-121","https://election.lab.ufl.edu/voter-turnout-ratesamong-metropolitan-statistical-areas/","Flint, MI","62.9%","71.3%"
"1725942291-122","https://election.lab.ufl.edu/voter-turnout-ratesamong-metropolitan-statistical-areas/","Florence, SC","56.5%","64.0%"
"1725942291-123","https://election.lab.ufl.edu/voter-turnout-ratesamong-metropolitan-statistical-areas/","Florence-Muscle Shoals, AL","55.3%","61.2%"
"1725942291-124","https://election.lab.ufl.edu/voter-turnout-ratesamong-metropolitan-statistical-areas/","Fond du Lac, WI","65.3%","72.1%"
"1725942291-125","https://election.lab.ufl.edu/voter-turnout-ratesamong-metropolitan-statistical-areas/","Fort Collins, CO","75.1%","81.3%"
"1725942291-126","https://election.lab.ufl.edu/voter-turnout-ratesamong-metropolitan-statistical-areas/","Fort Smith, AR-OK","48.8%","52.4%"
"1725942291-127","https://election.lab.ufl.edu/voter-turnout-ratesamong-metropolitan-statistical-areas/","Fort Wayne, IN","56.1%","62.9%"
"1725942291-128","https://election.lab.ufl.edu/voter-turnout-ratesamong-metropolitan-statistical-areas/","Fresno, CA","48.2%","59.3%"
"1725942291-129","https://election.lab.ufl.edu/voter-turnout-ratesamong-metropolitan-statistical-areas/","Gadsden, AL","55.5%","59.7%"
"1725942291-130","https://election.lab.ufl.edu/voter-turnout-ratesamong-metropolitan-statistical-areas/","Gainesville, FL","63.0%","67.5%"
"1725942291-131","https://election.lab.ufl.edu/voter-turnout-ratesamong-metropolitan-statistical-areas/","Gainesville, GA","57.3%","69.4%"
"1725942291-132","https://election.lab.ufl.edu/voter-turnout-ratesamong-metropolitan-statistical-areas/","Gettysburg, PA","60.2%","70.0%"
"1725942291-133","https://election.lab.ufl.edu/voter-turnout-ratesamong-metropolitan-statistical-areas/","Glens Falls, NY","54.0%","62.2%"
"1725942291-134","https://election.lab.ufl.edu/voter-turnout-ratesamong-metropolitan-statistical-areas/","Goldsboro, NC","57.2%","66.0%"
"1725942291-135","https://election.lab.ufl.edu/voter-turnout-ratesamong-metropolitan-statistical-areas/","Grand Forks, ND-MN","57.6%","59.3%"
"1725942291-136","https://election.lab.ufl.edu/voter-turnout-ratesamong-metropolitan-statistical-areas/","Grand Island, NE","56.9%","63.2%"
"1725942291-137","https://election.lab.ufl.edu/voter-turnout-ratesamong-metropolitan-statistical-areas/","Grand Junction, CO","68.0%","76.6%"
"1725942291-138","https://election.lab.ufl.edu/voter-turnout-ratesamong-metropolitan-statistical-areas/","Grand Rapids-Kentwood, MI","66.4%","75.3%"
"1725942291-139","https://election.lab.ufl.edu/voter-turnout-ratesamong-metropolitan-statistical-areas/","Grants Pass, OR","64.7%","74.6%"
"1725942291-140","https://election.lab.ufl.edu/voter-turnout-ratesamong-metropolitan-statistical-areas/","Great Falls, MT","54.8%","61.9%"
"1725942291-141","https://election.lab.ufl.edu/voter-turnout-ratesamong-metropolitan-statistical-areas/","Greeley, CO","67.5%","75.2%"
"1725942291-142","https://election.lab.ufl.edu/voter-turnout-ratesamong-metropolitan-statistical-areas/","Green Bay, WI","67.7%","74.0%"
"1725942291-143","https://election.lab.ufl.edu/voter-turnout-ratesamong-metropolitan-statistical-areas/","Greensboro-High Point, NC","65.3%","71.7%"
"1725942291-144","https://election.lab.ufl.edu/voter-turnout-ratesamong-metropolitan-statistical-areas/","Greenville, NC","59.5%","67.6%"
"1725942291-145","https://election.lab.ufl.edu/voter-turnout-ratesamong-metropolitan-statistical-areas/","Greenville-Anderson, SC","56.7%","64.9%"
"1725942291-146","https://election.lab.ufl.edu/voter-turnout-ratesamong-metropolitan-statistical-areas/","Gulfport-Biloxi, MS","45.0%","51.0%"
"1725942291-147","https://election.lab.ufl.edu/voter-turnout-ratesamong-metropolitan-statistical-areas/","Hagerstown-Martinsburg, MD-WV","54.3%","57.8%"
"1725942291-148","https://election.lab.ufl.edu/voter-turnout-ratesamong-metropolitan-statistical-areas/","Hammond, LA","54.2%","58.9%"
"1725942291-149","https://election.lab.ufl.edu/voter-turnout-ratesamong-metropolitan-statistical-areas/","Hanford-Corcoran, CA","36.2%","46.9%"
"1725942291-150","https://election.lab.ufl.edu/voter-turnout-ratesamong-metropolitan-statistical-areas/","Harrisburg-Carlisle, PA","63.6%","70.8%"
"1725942291-151","https://election.lab.ufl.edu/voter-turnout-ratesamong-metropolitan-statistical-areas/","Harrisonburg, VA","55.9%","60.1%"
"1725942291-152","https://election.lab.ufl.edu/voter-turnout-ratesamong-metropolitan-statistical-areas/","Hartford-East Hartford-Middletown, CT","63.8%","69.3%"
"1725942291-153","https://election.lab.ufl.edu/voter-turnout-ratesamong-metropolitan-statistical-areas/","Hattiesburg, MS","53.4%","58.9%"
"1725942291-154","https://election.lab.ufl.edu/voter-turnout-ratesamong-metropolitan-statistical-areas/","Hickory-Lenoir-Morganton, NC","59.2%","68.3%"
"1725942291-155","https://election.lab.ufl.edu/voter-turnout-ratesamong-metropolitan-statistical-areas/","Hilton Head Island-Bluffton, SC","56.5%","68.0%"
"1725942291-156","https://election.lab.ufl.edu/voter-turnout-ratesamong-metropolitan-statistical-areas/","Hinesville, GA","36.6%","48.3%"
"1725942291-157","https://election.lab.ufl.edu/voter-turnout-ratesamong-metropolitan-statistical-areas/","Homosassa Springs, FL","67.0%","73.6%"
"1725942291-158","https://election.lab.ufl.edu/voter-turnout-ratesamong-metropolitan-statistical-areas/","Hot Springs, AR","53.5%","57.1%"
"1725942291-159","https://election.lab.ufl.edu/voter-turnout-ratesamong-metropolitan-statistical-areas/","Houma-Thibodaux, LA","55.2%","59.5%"
"1725942291-160","https://election.lab.ufl.edu/voter-turnout-ratesamong-metropolitan-statistical-areas/","Houston-The Woodlands-Sugar Land, TX","51.0%","61.9%"
"1725942291-161","https://election.lab.ufl.edu/voter-turnout-ratesamong-metropolitan-statistical-areas/","Huntington-Ashland, WV-KY-OH","51.5%","57.6%"
"1725942291-162","https://election.lab.ufl.edu/voter-turnout-ratesamong-metropolitan-statistical-areas/","Huntsville, AL","59.0%","66.3%"
"1725942291-163","https://election.lab.ufl.edu/voter-turnout-ratesamong-metropolitan-statistical-areas/","Idaho Falls, ID","60.6%","67.7%"
"1725942291-164","https://election.lab.ufl.edu/voter-turnout-ratesamong-metropolitan-statistical-areas/","Indianapolis-Carmel-Anderson, IN","59.4%","64.6%"
"1725942291-165","https://election.lab.ufl.edu/voter-turnout-ratesamong-metropolitan-statistical-areas/","Iowa City, IA","70.4%","74.5%"
"1725942291-166","https://election.lab.ufl.edu/voter-turnout-ratesamong-metropolitan-statistical-areas/","Ithaca, NY","52.8%","55.0%"
"1725942291-167","https://election.lab.ufl.edu/voter-turnout-ratesamong-metropolitan-statistical-areas/","Jackson, MI","56.7%","65.1%"
"1725942291-168","https://election.lab.ufl.edu/voter-turnout-ratesamong-metropolitan-statistical-areas/","Jackson, MS","56.3%","60.6%"
"1725942291-169","https://election.lab.ufl.edu/voter-turnout-ratesamong-metropolitan-statistical-areas/","Jackson, TN","51.4%","58.2%"
"1725942291-170","https://election.lab.ufl.edu/voter-turnout-ratesamong-metropolitan-statistical-areas/","Jacksonville, FL","67.4%","74.1%"
"1725942291-171","https://election.lab.ufl.edu/voter-turnout-ratesamong-metropolitan-statistical-areas/","Jacksonville, NC","39.3%","48.0%"
"1725942291-172","https://election.lab.ufl.edu/voter-turnout-ratesamong-metropolitan-statistical-areas/","Janesville-Beloit, WI","62.6%","70.1%"
"1725942291-173","https://election.lab.ufl.edu/voter-turnout-ratesamong-metropolitan-statistical-areas/","Jefferson City, MO","60.8%","65.0%"
"1725942291-174","https://election.lab.ufl.edu/voter-turnout-ratesamong-metropolitan-statistical-areas/","Johnson City, TN","48.9%","56.7%"
"1725942291-175","https://election.lab.ufl.edu/voter-turnout-ratesamong-metropolitan-statistical-areas/","Johnstown, PA","58.5%","65.6%"
"1725942291-176","https://election.lab.ufl.edu/voter-turnout-ratesamong-metropolitan-statistical-areas/","Jonesboro, AR","45.8%","47.5%"
"1725942291-177","https://election.lab.ufl.edu/voter-turnout-ratesamong-metropolitan-statistical-areas/","Joplin, MO","57.9%","61.1%"
"1725942291-178","https://election.lab.ufl.edu/voter-turnout-ratesamong-metropolitan-statistical-areas/","Kahului-Wailuku-Lahaina, HI","44.8%","60.9%"
"1725942291-179","https://election.lab.ufl.edu/voter-turnout-ratesamong-metropolitan-statistical-areas/","Kalamazoo-Portage, MI","63.8%","72.7%"
"1725942291-180","https://election.lab.ufl.edu/voter-turnout-ratesamong-metropolitan-statistical-areas/","Kankakee, IL","56.8%","61.8%"
"1725942291-181","https://election.lab.ufl.edu/voter-turnout-ratesamong-metropolitan-statistical-areas/","Kansas City, MO-KS","62.4%","69.1%"
"1725942291-182","https://election.lab.ufl.edu/voter-turnout-ratesamong-metropolitan-statistical-areas/","Kennewick-Richland, WA","58.4%","71.2%"
"1725942291-183","https://election.lab.ufl.edu/voter-turnout-ratesamong-metropolitan-statistical-areas/","Killeen-Temple, TX","39.5%","49.2%"
"1725942291-184","https://election.lab.ufl.edu/voter-turnout-ratesamong-metropolitan-statistical-areas/","Kingsport-Bristol, TN-VA","51.4%","59.4%"
"1725942291-185","https://election.lab.ufl.edu/voter-turnout-ratesamong-metropolitan-statistical-areas/","Kingston, NY","59.7%","67.4%"
"1725942291-186","https://election.lab.ufl.edu/voter-turnout-ratesamong-metropolitan-statistical-areas/","Knoxville, TN","50.9%","60.6%"
"1725942291-187","https://election.lab.ufl.edu/voter-turnout-ratesamong-metropolitan-statistical-areas/","Kokomo, IN","58.6%","63.9%"
"1725942291-188","https://election.lab.ufl.edu/voter-turnout-ratesamong-metropolitan-statistical-areas/","La Crosse-Onalaska, WI-MN","67.9%","71.8%"
"1725942291-189","https://election.lab.ufl.edu/voter-turnout-ratesamong-metropolitan-statistical-areas/","Lafayette, LA","60.6%","65.2%"
"1725942291-190","https://election.lab.ufl.edu/voter-turnout-ratesamong-metropolitan-statistical-areas/","Lafayette-West Lafayette, IN","48.1%","55.6%"
"1725942291-191","https://election.lab.ufl.edu/voter-turnout-ratesamong-metropolitan-statistical-areas/","Lake Charles, LA","57.3%","54.3%"
"1725942291-192","https://election.lab.ufl.edu/voter-turnout-ratesamong-metropolitan-statistical-areas/","Lake Havasu City-Kingman, AZ","48.7%","61.7%"
"1725942291-193","https://election.lab.ufl.edu/voter-turnout-ratesamong-metropolitan-statistical-areas/","Lakeland-Winter Haven, FL","58.7%","66.1%"
"1725942291-194","https://election.lab.ufl.edu/voter-turnout-ratesamong-metropolitan-statistical-areas/","Lancaster, PA","60.4%","68.4%"
"1725942291-195","https://election.lab.ufl.edu/voter-turnout-ratesamong-metropolitan-statistical-areas/","Lansing-East Lansing, MI","63.6%","71.6%"
"1725942291-196","https://election.lab.ufl.edu/voter-turnout-ratesamong-metropolitan-statistical-areas/","Laredo, TX","42.6%","50.0%"
"1725942291-197","https://election.lab.ufl.edu/voter-turnout-ratesamong-metropolitan-statistical-areas/","Las Cruces, NM","50.6%","56.0%"
"1725942291-198","https://election.lab.ufl.edu/voter-turnout-ratesamong-metropolitan-statistical-areas/","Las Vegas-Henderson-Paradise, NV","54.5%","65.1%"
"1725942291-199","https://election.lab.ufl.edu/voter-turnout-ratesamong-metropolitan-statistical-areas/","Lawrence, KS","54.5%","64.4%"
"1725942291-200","https://election.lab.ufl.edu/voter-turnout-ratesamong-metropolitan-statistical-areas/","Lawton, OK","37.0%","40.7%"
"1725942291-201","https://election.lab.ufl.edu/voter-turnout-ratesamong-metropolitan-statistical-areas/","Lebanon, PA","59.1%","66.5%"
"1725942291-202","https://election.lab.ufl.edu/voter-turnout-ratesamong-metropolitan-statistical-areas/","Lewiston, ID-WA","55.4%","65.7%"
"1725942291-203","https://election.lab.ufl.edu/voter-turnout-ratesamong-metropolitan-statistical-areas/","Lewiston-Auburn, ME","67.4%","69.8%"
"1725942291-204","https://election.lab.ufl.edu/voter-turnout-ratesamong-metropolitan-statistical-areas/","Lexington-Fayette, KY","59.9%","66.3%"
"1725942291-205","https://election.lab.ufl.edu/voter-turnout-ratesamong-metropolitan-statistical-areas/","Lima, OH","58.1%","61.6%"
"1725942291-206","https://election.lab.ufl.edu/voter-turnout-ratesamong-metropolitan-statistical-areas/","Lincoln, NE","58.4%","66.5%"
"1725942291-207","https://election.lab.ufl.edu/voter-turnout-ratesamong-metropolitan-statistical-areas/","Little Rock-North Little Rock-Conway, AR","55.0%","58.8%"
"1725942291-208","https://election.lab.ufl.edu/voter-turnout-ratesamong-metropolitan-statistical-areas/","Logan, UT-ID","58.4%","66.4%"
"1725942291-209","https://election.lab.ufl.edu/voter-turnout-ratesamong-metropolitan-statistical-areas/","Longview, TX","51.4%","58.2%"
"1725942291-210","https://election.lab.ufl.edu/voter-turnout-ratesamong-metropolitan-statistical-areas/","Longview, WA","57.9%","73.0%"
"1725942291-211","https://election.lab.ufl.edu/voter-turnout-ratesamong-metropolitan-statistical-areas/","Los Angeles-Long Beach-Anaheim, CA","55.4%","68.1%"
"1725942291-212","https://election.lab.ufl.edu/voter-turnout-ratesamong-metropolitan-statistical-areas/","Louisville/Jefferson County, KY-IN","61.8%","67.3%"
"1725942291-213","https://election.lab.ufl.edu/voter-turnout-ratesamong-metropolitan-statistical-areas/","Lubbock, TX","45.0%","54.0%"
"1725942291-214","https://election.lab.ufl.edu/voter-turnout-ratesamong-metropolitan-statistical-areas/","Lynchburg, VA","63.0%","68.6%"
"1725942291-215","https://election.lab.ufl.edu/voter-turnout-ratesamong-metropolitan-statistical-areas/","Macon-Bibb County, GA","56.1%","63.6%"
"1725942291-216","https://election.lab.ufl.edu/voter-turnout-ratesamong-metropolitan-statistical-areas/","Madera, CA","46.8%","56.9%"
"1725942291-217","https://election.lab.ufl.edu/voter-turnout-ratesamong-metropolitan-statistical-areas/","Madison, WI","75.3%","81.3%"
"1725942291-218","https://election.lab.ufl.edu/voter-turnout-ratesamong-metropolitan-statistical-areas/","Manchester-Nashua, NH","68.2%","72.6%"
"1725942291-219","https://election.lab.ufl.edu/voter-turnout-ratesamong-metropolitan-statistical-areas/","Manhattan, KS","40.2%","48.4%"
"1725942291-220","https://election.lab.ufl.edu/voter-turnout-ratesamong-metropolitan-statistical-areas/","Mankato, MN","66.5%","69.9%"
"1725942291-221","https://election.lab.ufl.edu/voter-turnout-ratesamong-metropolitan-statistical-areas/","Mansfield, OH","58.4%","62.1%"
"1725942291-222","https://election.lab.ufl.edu/voter-turnout-ratesamong-metropolitan-statistical-areas/","McAllen-Edinburg-Mission, TX","42.0%","50.6%"
"1725942291-223","https://election.lab.ufl.edu/voter-turnout-ratesamong-metropolitan-statistical-areas/","Medford, OR","65.0%","74.7%"
"1725942291-224","https://election.lab.ufl.edu/voter-turnout-ratesamong-metropolitan-statistical-areas/","Memphis, TN-MS-AR","51.0%","57.8%"
"1725942291-225","https://election.lab.ufl.edu/voter-turnout-ratesamong-metropolitan-statistical-areas/","Merced, CA","47.0%","58.2%"
"1725942291-226","https://election.lab.ufl.edu/voter-turnout-ratesamong-metropolitan-statistical-areas/","Miami-Fort Lauderdale-Pompano Beach, FL","63.9%","73.0%"
"1725942291-227","https://election.lab.ufl.edu/voter-turnout-ratesamong-metropolitan-statistical-areas/","Michigan City-La Porte, IN","53.1%","57.4%"
"1725942291-228","https://election.lab.ufl.edu/voter-turnout-ratesamong-metropolitan-statistical-areas/","Midland, MI","66.8%","76.4%"
"1725942291-229","https://election.lab.ufl.edu/voter-turnout-ratesamong-metropolitan-statistical-areas/","Midland, TX","46.6%","56.0%"
"1725942291-230","https://election.lab.ufl.edu/voter-turnout-ratesamong-metropolitan-statistical-areas/","Milwaukee-Waukesha, WI","69.2%","75.9%"
"1725942291-231","https://election.lab.ufl.edu/voter-turnout-ratesamong-metropolitan-statistical-areas/","Minneapolis-St. Paul-Bloomington, MN-WI","74.4%","81.1%"
"1725942291-232","https://election.lab.ufl.edu/voter-turnout-ratesamong-metropolitan-statistical-areas/","Missoula, MT","64.1%","76.2%"
"1725942291-233","https://election.lab.ufl.edu/voter-turnout-ratesamong-metropolitan-statistical-areas/","Mobile, AL","55.6%","59.2%"
"1725942291-234","https://election.lab.ufl.edu/voter-turnout-ratesamong-metropolitan-statistical-areas/","Modesto, CA","50.9%","62.0%"
"1725942291-235","https://election.lab.ufl.edu/voter-turnout-ratesamong-metropolitan-statistical-areas/","Monroe, LA","59.7%","59.3%"
"1725942291-236","https://election.lab.ufl.edu/voter-turnout-ratesamong-metropolitan-statistical-areas/","Monroe, MI","64.0%","72.5%"
"1725942291-237","https://election.lab.ufl.edu/voter-turnout-ratesamong-metropolitan-statistical-areas/","Montgomery, AL","58.6%","60.7%"
"1725942291-238","https://election.lab.ufl.edu/voter-turnout-ratesamong-metropolitan-statistical-areas/","Morgantown, WV","43.9%","50.3%"
"1725942291-239","https://election.lab.ufl.edu/voter-turnout-ratesamong-metropolitan-statistical-areas/","Morristown, TN","45.3%","54.3%"
"1725942291-240","https://election.lab.ufl.edu/voter-turnout-ratesamong-metropolitan-statistical-areas/","Mount Vernon-Anacortes, WA","62.7%","77.7%"
"1725942291-241","https://election.lab.ufl.edu/voter-turnout-ratesamong-metropolitan-statistical-areas/","Muncie, IN","48.6%","53.2%"
"1725942291-242","https://election.lab.ufl.edu/voter-turnout-ratesamong-metropolitan-statistical-areas/","Muskegon, MI","59.6%","69.2%"
"1725942291-243","https://election.lab.ufl.edu/voter-turnout-ratesamong-metropolitan-statistical-areas/","Myrtle Beach-Conway-North Myrtle Beach, SC-NC","56.6%","70.2%"
"1725942291-244","https://election.lab.ufl.edu/voter-turnout-ratesamong-metropolitan-statistical-areas/","Napa, CA","63.7%","74.4%"
"1725942291-245","https://election.lab.ufl.edu/voter-turnout-ratesamong-metropolitan-statistical-areas/","Naples-Marco Island, FL","67.7%","78.3%"
"1725942291-246","https://election.lab.ufl.edu/voter-turnout-ratesamong-metropolitan-statistical-areas/","Nashville-Davidson--Murfreesboro--Franklin, TN","53.2%","64.1%"
"1725942291-247","https://election.lab.ufl.edu/voter-turnout-ratesamong-metropolitan-statistical-areas/","New Bern, NC","60.7%","69.5%"
"1725942291-248","https://election.lab.ufl.edu/voter-turnout-ratesamong-metropolitan-statistical-areas/","New Haven-Milford, CT","59.6%","65.2%"
"1725942291-249","https://election.lab.ufl.edu/voter-turnout-ratesamong-metropolitan-statistical-areas/","New Orleans-Metairie, LA","59.8%","64.2%"
"1725942291-250","https://election.lab.ufl.edu/voter-turnout-ratesamong-metropolitan-statistical-areas/","New York-Newark-Jersey City, NY-NJ-PA","58.4%","63.6%"
"1725942291-251","https://election.lab.ufl.edu/voter-turnout-ratesamong-metropolitan-statistical-areas/","Niles, MI","62.3%","70.8%"
"1725942291-252","https://election.lab.ufl.edu/voter-turnout-ratesamong-metropolitan-statistical-areas/","North Port-Sarasota-Bradenton, FL","66.8%","75.0%"
"1725942291-253","https://election.lab.ufl.edu/voter-turnout-ratesamong-metropolitan-statistical-areas/","Norwich-New London, CT","59.5%","67.1%"
"1725942291-254","https://election.lab.ufl.edu/voter-turnout-ratesamong-metropolitan-statistical-areas/","Ocala, FL","63.7%","70.1%"
"1725942291-255","https://election.lab.ufl.edu/voter-turnout-ratesamong-metropolitan-statistical-areas/","Ocean City, NJ","64.8%","75.4%"
"1725942291-256","https://election.lab.ufl.edu/voter-turnout-ratesamong-metropolitan-statistical-areas/","Odessa, TX","36.9%","45.6%"
"1725942291-257","https://election.lab.ufl.edu/voter-turnout-ratesamong-metropolitan-statistical-areas/","Ogden-Clearfield, UT","57.7%","68.3%"
"1725942291-258","https://election.lab.ufl.edu/voter-turnout-ratesamong-metropolitan-statistical-areas/","Oklahoma City, OK","52.9%","55.4%"
"1725942291-259","https://election.lab.ufl.edu/voter-turnout-ratesamong-metropolitan-statistical-areas/","Olympia-Lacey-Tumwater, WA","62.5%","76.3%"
"1725942291-260","https://election.lab.ufl.edu/voter-turnout-ratesamong-metropolitan-statistical-areas/","Omaha-Council Bluffs, NE-IA","62.6%","70.1%"
"1725942291-261","https://election.lab.ufl.edu/voter-turnout-ratesamong-metropolitan-statistical-areas/","Orlando-Kissimmee-Sanford, FL","62.8%","69.9%"
"1725942291-262","https://election.lab.ufl.edu/voter-turnout-ratesamong-metropolitan-statistical-areas/","Oshkosh-Neenah, WI","65.0%","70.3%"
"1725942291-263","https://election.lab.ufl.edu/voter-turnout-ratesamong-metropolitan-statistical-areas/","Owensboro, KY","62.6%","65.6%"
"1725942291-264","https://election.lab.ufl.edu/voter-turnout-ratesamong-metropolitan-statistical-areas/","Oxnard-Thousand Oaks-Ventura, CA","62.4%","73.9%"
"1725942291-265","https://election.lab.ufl.edu/voter-turnout-ratesamong-metropolitan-statistical-areas/","Palm Bay-Melbourne-Titusville, FL","69.5%","76.0%"
"1725942291-266","https://election.lab.ufl.edu/voter-turnout-ratesamong-metropolitan-statistical-areas/","Panama City, FL","63.1%","67.7%"
"1725942291-267","https://election.lab.ufl.edu/voter-turnout-ratesamong-metropolitan-statistical-areas/","Parkersburg-Vienna, WV","53.0%","58.7%"
"1725942291-268","https://election.lab.ufl.edu/voter-turnout-ratesamong-metropolitan-statistical-areas/","Pensacola-Ferry Pass-Brent, FL","65.0%","71.9%"
"1725942291-269","https://election.lab.ufl.edu/voter-turnout-ratesamong-metropolitan-statistical-areas/","Peoria, IL","60.3%","65.8%"
"1725942291-270","https://election.lab.ufl.edu/voter-turnout-ratesamong-metropolitan-statistical-areas/","Philadelphia-Camden-Wilmington, PA-NJ-DE-MD","66.6%","73.2%"
"1725942291-271","https://election.lab.ufl.edu/voter-turnout-ratesamong-metropolitan-statistical-areas/","Phoenix-Mesa-Chandler, AZ","52.6%","68.2%"
"1725942291-272","https://election.lab.ufl.edu/voter-turnout-ratesamong-metropolitan-statistical-areas/","Pine Bluff, AR","46.3%","46.9%"
"1725942291-273","https://election.lab.ufl.edu/voter-turnout-ratesamong-metropolitan-statistical-areas/","Pittsburgh, PA","64.8%","72.2%"
"1725942291-274","https://election.lab.ufl.edu/voter-turnout-ratesamong-metropolitan-statistical-areas/","Pittsfield, MA","63.5%","67.9%"
"1725942291-275","https://election.lab.ufl.edu/voter-turnout-ratesamong-metropolitan-statistical-areas/","Pocatello, ID","55.4%","63.4%"
"1725942291-276","https://election.lab.ufl.edu/voter-turnout-ratesamong-metropolitan-statistical-areas/","Port St. Lucie, FL","65.2%","73.7%"
"1725942291-277","https://election.lab.ufl.edu/voter-turnout-ratesamong-metropolitan-statistical-areas/","Portland-South Portland, ME","73.8%","80.5%"
"1725942291-278","https://election.lab.ufl.edu/voter-turnout-ratesamong-metropolitan-statistical-areas/","Portland-Vancouver-Hillsboro, OR-WA","64.7%","76.9%"
"1725942291-279","https://election.lab.ufl.edu/voter-turnout-ratesamong-metropolitan-statistical-areas/","Poughkeepsie-Newburgh-Middletown, NY","57.0%","63.7%"
"1725942291-280","https://election.lab.ufl.edu/voter-turnout-ratesamong-metropolitan-statistical-areas/","Prescott Valley-Prescott, AZ","62.4%","75.8%"
"1725942291-281","https://election.lab.ufl.edu/voter-turnout-ratesamong-metropolitan-statistical-areas/","Providence-Warwick, RI-MA","58.3%","63.4%"
"1725942291-282","https://election.lab.ufl.edu/voter-turnout-ratesamong-metropolitan-statistical-areas/","Provo-Orem, UT","55.5%","69.8%"
"1725942291-283","https://election.lab.ufl.edu/voter-turnout-ratesamong-metropolitan-statistical-areas/","Pueblo, CO","63.5%","69.7%"
"1725942291-284","https://election.lab.ufl.edu/voter-turnout-ratesamong-metropolitan-statistical-areas/","Punta Gorda, FL","65.3%","74.6%"
"1725942291-285","https://election.lab.ufl.edu/voter-turnout-ratesamong-metropolitan-statistical-areas/","Racine, WI","64.8%","72.4%"
"1725942291-286","https://election.lab.ufl.edu/voter-turnout-ratesamong-metropolitan-statistical-areas/","Raleigh-Cary, NC","70.4%","80.0%"
"1725942291-287","https://election.lab.ufl.edu/voter-turnout-ratesamong-metropolitan-statistical-areas/","Rapid City, SD","57.5%","68.0%"
"1725942291-288","https://election.lab.ufl.edu/voter-turnout-ratesamong-metropolitan-statistical-areas/","Reading, PA","59.4%","64.9%"
"1725942291-289","https://election.lab.ufl.edu/voter-turnout-ratesamong-metropolitan-statistical-areas/","Redding, CA","58.1%","67.4%"
"1725942291-290","https://election.lab.ufl.edu/voter-turnout-ratesamong-metropolitan-statistical-areas/","Reno, NV","65.7%","73.5%"
"1725942291-291","https://election.lab.ufl.edu/voter-turnout-ratesamong-metropolitan-statistical-areas/","Richmond, VA","67.8%","73.6%"
"1725942291-292","https://election.lab.ufl.edu/voter-turnout-ratesamong-metropolitan-statistical-areas/","Riverside-San Bernardino-Ontario, CA","48.5%","61.9%"
"1725942291-293","https://election.lab.ufl.edu/voter-turnout-ratesamong-metropolitan-statistical-areas/","Roanoke, VA","62.6%","68.8%"
"1725942291-294","https://election.lab.ufl.edu/voter-turnout-ratesamong-metropolitan-statistical-areas/","Rochester, MN","72.5%","79.2%"
"1725942291-295","https://election.lab.ufl.edu/voter-turnout-ratesamong-metropolitan-statistical-areas/","Rochester, NY","59.7%","64.8%"
"1725942291-296","https://election.lab.ufl.edu/voter-turnout-ratesamong-metropolitan-statistical-areas/","Rockford, IL","57.6%","62.7%"
"1725942291-297","https://election.lab.ufl.edu/voter-turnout-ratesamong-metropolitan-statistical-areas/","Rocky Mount, NC","65.0%","71.5%"
"1725942291-298","https://election.lab.ufl.edu/voter-turnout-ratesamong-metropolitan-statistical-areas/","Rome, GA","49.3%","58.5%"
"1725942291-299","https://election.lab.ufl.edu/voter-turnout-ratesamong-metropolitan-statistical-areas/","Sacramento-Roseville-Folsom, CA","56.9%","69.9%"
"1725942291-300","https://election.lab.ufl.edu/voter-turnout-ratesamong-metropolitan-statistical-areas/","Saginaw, MI","63.5%","70.2%"
"1725942291-301","https://election.lab.ufl.edu/voter-turnout-ratesamong-metropolitan-statistical-areas/","Salem, OR","59.7%","71.5%"
"1725942291-302","https://election.lab.ufl.edu/voter-turnout-ratesamong-metropolitan-statistical-areas/","Salinas, CA","57.2%","68.5%"
"1725942291-303","https://election.lab.ufl.edu/voter-turnout-ratesamong-metropolitan-statistical-areas/","Salisbury, MD-DE","60.4%","67.7%"
"1725942291-304","https://election.lab.ufl.edu/voter-turnout-ratesamong-metropolitan-statistical-areas/","Salt Lake City, UT","57.2%","69.4%"
"1725942291-305","https://election.lab.ufl.edu/voter-turnout-ratesamong-metropolitan-statistical-areas/","San Angelo, TX","45.0%","52.5%"
"1725942291-306","https://election.lab.ufl.edu/voter-turnout-ratesamong-metropolitan-statistical-areas/","San Antonio-New Braunfels, TX","47.6%","59.7%"
"1725942291-307","https://election.lab.ufl.edu/voter-turnout-ratesamong-metropolitan-statistical-areas/","San Diego-Chula Vista-Carlsbad, CA","57.7%","70.1%"
"1725942291-308","https://election.lab.ufl.edu/voter-turnout-ratesamong-metropolitan-statistical-areas/","San Francisco-Oakland-Berkeley, CA","62.3%","72.2%"
"1725942291-309","https://election.lab.ufl.edu/voter-turnout-ratesamong-metropolitan-statistical-areas/","San Jose-Sunnyvale-Santa Clara, CA","59.5%","72.1%"
"1725942291-310","https://election.lab.ufl.edu/voter-turnout-ratesamong-metropolitan-statistical-areas/","San Luis Obispo-Paso Robles, CA","61.3%","72.6%"
"1725942291-311","https://election.lab.ufl.edu/voter-turnout-ratesamong-metropolitan-statistical-areas/","Santa Cruz-Watsonville, CA","66.6%","74.8%"
"1725942291-312","https://election.lab.ufl.edu/voter-turnout-ratesamong-metropolitan-statistical-areas/","Santa Fe, NM","65.3%","71.2%"
"1725942291-313","https://election.lab.ufl.edu/voter-turnout-ratesamong-metropolitan-statistical-areas/","Santa Maria-Santa Barbara, CA","62.0%","69.9%"
"1725942291-314","https://election.lab.ufl.edu/voter-turnout-ratesamong-metropolitan-statistical-areas/","Santa Rosa-Petaluma, CA","64.3%","75.5%"
"1725942291-315","https://election.lab.ufl.edu/voter-turnout-ratesamong-metropolitan-statistical-areas/","Savannah, GA","53.3%","62.4%"
"1725942291-316","https://election.lab.ufl.edu/voter-turnout-ratesamong-metropolitan-statistical-areas/","Scranton--Wilkes-Barre, PA","58.4%","65.4%"
"1725942291-317","https://election.lab.ufl.edu/voter-turnout-ratesamong-metropolitan-statistical-areas/","Seattle-Tacoma-Bellevue, WA","63.4%","75.9%"
"1725942291-318","https://election.lab.ufl.edu/voter-turnout-ratesamong-metropolitan-statistical-areas/","Sebastian-Vero Beach, FL","67.3%","76.9%"
"1725942291-319","https://election.lab.ufl.edu/voter-turnout-ratesamong-metropolitan-statistical-areas/","Sebring-Avon Park, FL","58.6%","66.5%"
"1725942291-320","https://election.lab.ufl.edu/voter-turnout-ratesamong-metropolitan-statistical-areas/","Sheboygan, WI","67.7%","74.3%"
"1725942291-321","https://election.lab.ufl.edu/voter-turnout-ratesamong-metropolitan-statistical-areas/","Sherman-Denison, TX","51.0%","61.7%"
"1725942291-322","https://election.lab.ufl.edu/voter-turnout-ratesamong-metropolitan-statistical-areas/","Shreveport-Bossier City, LA","56.7%","59.1%"
"1725942291-323","https://election.lab.ufl.edu/voter-turnout-ratesamong-metropolitan-statistical-areas/","Sierra Vista-Douglas, AZ","52.9%","65.0%"
"1725942291-324","https://election.lab.ufl.edu/voter-turnout-ratesamong-metropolitan-statistical-areas/","Sioux City, IA-NE-SD","60.9%","62.8%"
"1725942291-325","https://election.lab.ufl.edu/voter-turnout-ratesamong-metropolitan-statistical-areas/","Sioux Falls, SD","60.8%","68.4%"
"1725942291-326","https://election.lab.ufl.edu/voter-turnout-ratesamong-metropolitan-statistical-areas/","South Bend-Mishawaka, IN-MI","55.9%","59.1%"
"1725942291-327","https://election.lab.ufl.edu/voter-turnout-ratesamong-metropolitan-statistical-areas/","Spartanburg, SC","54.5%","62.7%"
"1725942291-328","https://election.lab.ufl.edu/voter-turnout-ratesamong-metropolitan-statistical-areas/","Spokane-Spokane Valley, WA","61.0%","73.3%"
"1725942291-329","https://election.lab.ufl.edu/voter-turnout-ratesamong-metropolitan-statistical-areas/","Springfield, IL","64.6%","69.9%"
"1725942291-330","https://election.lab.ufl.edu/voter-turnout-ratesamong-metropolitan-statistical-areas/","Springfield, MA","60.2%","64.2%"
"1725942291-331","https://election.lab.ufl.edu/voter-turnout-ratesamong-metropolitan-statistical-areas/","Springfield, MO","59.4%","64.1%"
"1725942291-332","https://election.lab.ufl.edu/voter-turnout-ratesamong-metropolitan-statistical-areas/","Springfield, OH","59.4%","61.7%"
"1725942291-333","https://election.lab.ufl.edu/voter-turnout-ratesamong-metropolitan-statistical-areas/","St. Cloud, MN","68.4%","73.4%"
"1725942291-334","https://election.lab.ufl.edu/voter-turnout-ratesamong-metropolitan-statistical-areas/","St. George, UT","55.1%","72.0%"
"1725942291-335","https://election.lab.ufl.edu/voter-turnout-ratesamong-metropolitan-statistical-areas/","St. Joseph, MO-KS","54.6%","58.5%"
"1725942291-336","https://election.lab.ufl.edu/voter-turnout-ratesamong-metropolitan-statistical-areas/","St. Louis, MO-IL","64.7%","68.5%"
"1725942291-337","https://election.lab.ufl.edu/voter-turnout-ratesamong-metropolitan-statistical-areas/","State College, PA","59.6%","61.1%"
"1725942291-338","https://election.lab.ufl.edu/voter-turnout-ratesamong-metropolitan-statistical-areas/","Staunton, VA","59.5%","67.3%"
"1725942291-339","https://election.lab.ufl.edu/voter-turnout-ratesamong-metropolitan-statistical-areas/","Stockton, CA","49.5%","60.0%"
"1725942291-340","https://election.lab.ufl.edu/voter-turnout-ratesamong-metropolitan-statistical-areas/","Sumter, SC","56.1%","63.2%"
"1725942291-341","https://election.lab.ufl.edu/voter-turnout-ratesamong-metropolitan-statistical-areas/","Syracuse, NY","56.9%","63.9%"
"1725942291-342","https://election.lab.ufl.edu/voter-turnout-ratesamong-metropolitan-statistical-areas/","Tallahassee, FL","66.7%","71.4%"
"1725942291-343","https://election.lab.ufl.edu/voter-turnout-ratesamong-metropolitan-statistical-areas/","Tampa-St. Petersburg-Clearwater, FL","63.5%","71.8%"
"1725942291-344","https://election.lab.ufl.edu/voter-turnout-ratesamong-metropolitan-statistical-areas/","Terre Haute, IN","50.1%","55.0%"
"1725942291-345","https://election.lab.ufl.edu/voter-turnout-ratesamong-metropolitan-statistical-areas/","Texarkana, TX-AR","50.0%","54.4%"
"1725942291-346","https://election.lab.ufl.edu/voter-turnout-ratesamong-metropolitan-statistical-areas/","The Villages, FL","69.8%","79.8%"
"1725942291-347","https://election.lab.ufl.edu/voter-turnout-ratesamong-metropolitan-statistical-areas/","Toledo, OH","62.0%","63.9%"
"1725942291-348","https://election.lab.ufl.edu/voter-turnout-ratesamong-metropolitan-statistical-areas/","Topeka, KS","57.5%","65.6%"
"1725942291-349","https://election.lab.ufl.edu/voter-turnout-ratesamong-metropolitan-statistical-areas/","Trenton-Princeton, NJ","62.5%","67.6%"
"1725942291-350","https://election.lab.ufl.edu/voter-turnout-ratesamong-metropolitan-statistical-areas/","Tucson, AZ","56.1%","68.1%"
"1725942291-351","https://election.lab.ufl.edu/voter-turnout-ratesamong-metropolitan-statistical-areas/","Tulsa, OK","55.3%","57.9%"
"1725942291-352","https://election.lab.ufl.edu/voter-turnout-ratesamong-metropolitan-statistical-areas/","Tuscaloosa, AL","54.2%","55.0%"
"1725942291-353","https://election.lab.ufl.edu/voter-turnout-ratesamong-metropolitan-statistical-areas/","Twin Falls, ID","52.7%","59.9%"
"1725942291-354","https://election.lab.ufl.edu/voter-turnout-ratesamong-metropolitan-statistical-areas/","Tyler, TX","52.9%","61.6%"
"1725942291-355","https://election.lab.ufl.edu/voter-turnout-ratesamong-metropolitan-statistical-areas/","Urban Honolulu, HI","40.5%","52.3%"
"1725942291-356","https://election.lab.ufl.edu/voter-turnout-ratesamong-metropolitan-statistical-areas/","Utica-Rome, NY","51.8%","58.8%"
"1725942291-357","https://election.lab.ufl.edu/voter-turnout-ratesamong-metropolitan-statistical-areas/","Valdosta, GA","44.8%","53.3%"
"1725942291-358","https://election.lab.ufl.edu/voter-turnout-ratesamong-metropolitan-statistical-areas/","Vallejo, CA","53.7%","64.9%"
"1725942291-359","https://election.lab.ufl.edu/voter-turnout-ratesamong-metropolitan-statistical-areas/","Victoria, TX","49.4%","54.4%"
"1725942291-360","https://election.lab.ufl.edu/voter-turnout-ratesamong-metropolitan-statistical-areas/","Vineland-Bridgeton, NJ","50.4%","57.8%"
"1725942291-361","https://election.lab.ufl.edu/voter-turnout-ratesamong-metropolitan-statistical-areas/","Virginia Beach-Norfolk-Newport News, VA-NC","59.8%","65.0%"
"1725942291-362","https://election.lab.ufl.edu/voter-turnout-ratesamong-metropolitan-statistical-areas/","Visalia, CA","44.3%","55.5%"
"1725942291-363","https://election.lab.ufl.edu/voter-turnout-ratesamong-metropolitan-statistical-areas/","Waco, TX","45.0%","53.9%"
"1725942291-364","https://election.lab.ufl.edu/voter-turnout-ratesamong-metropolitan-statistical-areas/","Walla Walla, WA","58.6%","67.2%"
"1725942291-365","https://election.lab.ufl.edu/voter-turnout-ratesamong-metropolitan-statistical-areas/","Warner Robins, GA","54.5%","63.9%"
"1725942291-366","https://election.lab.ufl.edu/voter-turnout-ratesamong-metropolitan-statistical-areas/","Washington-Arlington-Alexandria, DC-VA-MD-WV","68.6%","74.5%"
"1725942291-367","https://election.lab.ufl.edu/voter-turnout-ratesamong-metropolitan-statistical-areas/","Waterloo-Cedar Falls, IA","65.0%","69.7%"
"1725942291-368","https://election.lab.ufl.edu/voter-turnout-ratesamong-metropolitan-statistical-areas/","Watertown-Fort Drum, NY","44.6%","50.3%"
"1725942291-369","https://election.lab.ufl.edu/voter-turnout-ratesamong-metropolitan-statistical-areas/","Wausau-Weston, WI","66.9%","73.4%"
"1725942291-370","https://election.lab.ufl.edu/voter-turnout-ratesamong-metropolitan-statistical-areas/","Weirton-Steubenville, WV-OH","56.6%","61.1%"
"1725942291-371","https://election.lab.ufl.edu/voter-turnout-ratesamong-metropolitan-statistical-areas/","Wenatchee, WA","61.9%","79.3%"
"1725942291-372","https://election.lab.ufl.edu/voter-turnout-ratesamong-metropolitan-statistical-areas/","Wheeling, WV-OH","54.3%","59.4%"
"1725942291-373","https://election.lab.ufl.edu/voter-turnout-ratesamong-metropolitan-statistical-areas/","Wichita Falls, TX","42.2%","51.4%"
"1725942291-374","https://election.lab.ufl.edu/voter-turnout-ratesamong-metropolitan-statistical-areas/","Wichita, KS","53.4%","62.3%"
"1725942291-375","https://election.lab.ufl.edu/voter-turnout-ratesamong-metropolitan-statistical-areas/","Williamsport, PA","55.9%","66.2%"
"1725942291-376","https://election.lab.ufl.edu/voter-turnout-ratesamong-metropolitan-statistical-areas/","Wilmington, NC","62.4%","74.1%"
"1725942291-377","https://election.lab.ufl.edu/voter-turnout-ratesamong-metropolitan-statistical-areas/","Winchester, VA-WV","59.1%","68.0%"
"1725942291-378","https://election.lab.ufl.edu/voter-turnout-ratesamong-metropolitan-statistical-areas/","Winston-Salem, NC","64.2%","72.6%"
"1725942291-379","https://election.lab.ufl.edu/voter-turnout-ratesamong-metropolitan-statistical-areas/","Worcester, MA-CT","62.4%","67.5%"
"1725942291-380","https://election.lab.ufl.edu/voter-turnout-ratesamong-metropolitan-statistical-areas/","Yakima, WA","53.8%","64.1%"
"1725942291-381","https://election.lab.ufl.edu/voter-turnout-ratesamong-metropolitan-statistical-areas/","York-Hanover, PA","61.0%","68.9%"
"1725942291-382","https://election.lab.ufl.edu/voter-turnout-ratesamong-metropolitan-statistical-areas/","Youngstown-Warren-Boardman, OH-PA","61.0%","64.7%"
"1725942291-383","https://election.lab.ufl.edu/voter-turnout-ratesamong-metropolitan-statistical-areas/","Yuba City, CA","50.4%","61.6%"
"1725942291-384","https://election.lab.ufl.edu/voter-turnout-ratesamong-metropolitan-statistical-areas/","Yuma, AZ","41.7%","55.7%"
